{
  "Profiles": [
    {
      "Name": "Default",
      "Guid": "1FE4602A-7876-4386-80AE-CA20744D0544",
      "FontName": "Monaco",
      "FontSize": 12.0,
      "BackgroundColor": [
        0.1568627506494522,
        0.1568627506494522,
        0.1568627506494522,
        1.0
      ],
      "ForegroundColor": [
        0.9215686321258545,
        0.8588235378265381,
        0.6980392336845398,
        1.0
      ],
      "CursorColor": [
        0.9215686321258545,
        0.8588235378265381,
        0.6980392336845398,
        1.0
      ],
      "CursorTextColor": [
        0.1568627506494522,
        0.1568627506494522,
        0.1568627506494522,
        1.0
      ],
      "SelectionColor": [
        0.4000000059604645,
        0.3607843220233917,
        0.3294117748737335,
        1.0
      ],
      "TabColor": [
        0.10588235408067703,
        0.10588235408067703,
        0.10588235408067703,
        1.0
      ],
      "Ansi0Color": [
        0.1568627506494522,
        0.1568627506494522,
        0.1568627506494522,
        1.0
      ],
      "Ansi1Color": [
        0.800000011920929,
        0.1411764770746231,
        0.11372549086809158,
        1.0
      ],
      "Ansi2Color": [
        0.5960784554481506,
        0.5921568870544434,
        0.10196078568696976,
        1.0
      ],
      "Ansi3Color": [
        0.843137264251709,
        0.6000000238418579,
        0.12941177189350128,
        1.0
      ],
      "Ansi4Color": [
        0.2705882489681244,
        0.5215686559677124,
        0.5333333611488342,
        1.0
      ],
      "Ansi5Color": [
        0.6941176652908325,
        0.3843137323856354,
        0.5254902243614197,
        1.0
      ],
      "Ansi6Color": [
        0.40784314274787903,
        0.615686297416687,
        0.4156862795352936,
        1.0
      ],
      "Ansi7Color": [
        0.658823549747467,
        0.6000000238418579,
        0.5176470875740051,
        1.0
      ],
      "Ansi8Color": [
        0.572549045085907,
        0.5137255191802979,
        0.45490196347236633,
        1.0
      ],
      "Ansi9Color": [
        0.9843137264251709,
        0.2862745225429535,
        0.20392157137393951,
        1.0
      ],
      "Ansi10Color": [
        0.7215686440467834,
        0.7333333492279053,
        0.14901961386203766,
        1.0
      ],
      "Ansi11Color": [
        0.9803921580314636,
        0.7411764860153198,
        0.18431372940540314,
        1.0
      ],
      "Ansi12Color": [
        0.5137255191802979,
        0.6470588445663452,
        0.5960784554481506,
        1.0
      ],
      "Ansi13Color": [
        0.8274509906768799,
        0.5254902243614197,
        0.6078431606292725,
        1.0
      ],
      "Ansi14Color": [
        0.5568627715110779,
        0.7529411911964417,
        0.48627451062202454,
        1.0
      ],
      "Ansi15Color": [
        0.9215686321258545,
        0.8588235378265381,
        0.6980392336845398,
        1.0
      ],
      "UseBoldFont": true,
      "UseItalicFont": true,
      "UseNon-ASCIIFont": false
    }
  ]
}